Parameter,dH,dS,dG,,dH (change),dS (change),dG (change),,dH (direction),dS (direction),dG (direction)
AA/TT,0,0,0,,TRUE,TRUE,TRUE,,0,0,0
AT/TA,0,0,0,,TRUE,TRUE,TRUE,,0,0,0
TA/AT,0,0,0,,TRUE,TRUE,TRUE,,0,0,0
CA/GT,0,0,0,,TRUE,TRUE,TRUE,,0,0,0
GT/CA,0,0,0,,TRUE,TRUE,TRUE,,0,0,0
CT/GA,0,0,0,,TRUE,TRUE,TRUE,,0,0,0
GA/CT,0,0,0,,TRUE,TRUE,TRUE,,0,0,0
CG/GC,0,0,0,,TRUE,TRUE,TRUE,,0,0,0
GC/CG,0,0,0,,TRUE,TRUE,TRUE,,0,0,0
GG/CC,0,0,0,,TRUE,TRUE,TRUE,,0,0,0
init_GC,0,0,0,,TRUE,TRUE,TRUE,,0,0,0
init_AT,0,0,0,,TRUE,TRUE,TRUE,,0,0,0
symmetry,0,0,0,,TRUE,TRUE,TRUE,,0,0,0
re:^T/^A,0,0,0,,TRUE,TRUE,TRUE,,0,0,0
