Comment,Sequence,dH,dH (error),dS,dS (error),dG,dG (error)
1,ACCGCA,-42.6 ,0,-116.4 ,0,-6.5 ,0
2,CGTGCC,-49.2 ,0,-137.2 ,0,-6.6 ,0
3,AAGCGTAG,-56.7 ,0,-161.0 ,0,-6.7 ,0
4,AATCCAGT,-60.7 ,0,-178.4 ,0,-5.4 ,0
5,ACCTAGTC,-50.0 ,0,-141.4 ,0,-6.1 ,0
6,ACGACCTC,-58.7 ,0,-164.3 ,0,-7.8 ,0
7,AGTCCTGA,-50.3 ,0,-141.7 ,0,-6.4 ,0
8,CGCTGTAA,-52.9 ,0,-149.2 ,0,-6.7 ,0
9,CTAGTGGA,-50.7 ,0,-143.5 ,0,-6.2 ,0
10,GACTAGTC,-48.1 ,0,-138.1 ,0,-5.3 ,0
11,GAGTACTC,-53.4 ,0,-155.8 ,0,-5.1 ,0
12,GCCAGTTA,-54.0 ,0,-152.3 ,0,-6.7 ,0
13,GTCTAGAC,-54.3 ,0,-158.2 ,0,-5.2 ,0
14,ATAACAGCG,-64.1 ,0,-181.2 ,0,-7.9 ,0
15,ATAACTGGC,-63.2 ,0,-180.4 ,0,-7.3 ,0
16,ATCTATCCG,-60.3 ,0,-173.3 ,0,-6.6 ,0
17,GCCAGTTAA,-70.5 ,0,-205.0 ,0,-6.9 ,0
18,CGGCAAGCGC,-75.3 ,0,-206.6 ,0,-11.2 ,0
19,ACGTATTATGC,-77.4 ,0,-223.1 ,0,-8.2 ,0
20,ATTGGATACAAA,-72.2 ,0,-209.1 ,0,-7.4 ,0
21,ACATTATTATTACA,-78.1 ,0,-226.4 ,0,-7.9 ,0
