Comment,Sequence,dH (now dG),,dS (now dG),,dG,
1,CCGG,-30.6,0,-87.4,0,-3.5,0
2,CGCG,-36.3,0,-103.9,0,-4,0
3,GCGC,-40.7,0,-117.1,0,-4.4,0
4,CCGCGG,-41.4,0,-107.8,0,-8,0
5,CGATCG,-37.5,0,-103.6,0,-5.3,0
6,CGCGCG,-46.4,0,-122.8,0,-8.3,0
7,CGGCCG,-38.7,0,-98,0,-8.3,0
8,CGTACG,-45.7,0,-130,0,-5.4,0
9,GACGTC,-41.9,0,-117.2,0,-5.6,0
10,GCATGC,-42.2,0,-118,0,-5.6,0
11,GCCGGC,-45.2,0,-118.3,0,-8.5,0
12,GCGAGC,-51.4,0,-124,0,-7.7,0
13,GCGCGC,-59.6,0,-162.7,0,-9.1,0
14,GCTAGC,-39.2,0,-109.1,0,-5.3,0
15,GGATCC,-34.8,0,-96.2,0,-5,0
16,GGCGCC,-43.5,0,-114.7,0,-7.9,0
17,GGGACC,-32.7,0,-84.5,0,-6.5,0
18,GTGAAC,-43.6,0,-124,0,-5.1,0
19,CAAAAAG,-47,0,-136,0,-4.8,0
20,CAAAAAAG,-59,0,-172,0,-5.7,0
21,CAAGCTTG,-54.2,0,-152.3,0,-7,0
22,CATCGATG,-59.2,0,-166.3,0,-7.6,0
23,CGATATCG,-53.7,0,-151.1,0,-6.9,0
24,CGTCGACG,-64.1,0,-175.1,0,-9.8,0
25,GAAGCTTC,-49.4,0,-136.9,0,-7,0
26,GATCGATC,-58.4,0,-163.7,0,-7.6,0
27,GATGCATC,-56.1,0,-157.3,0,-7.3,0
28,GGAATTCC,-51.6,0,-144.4,0,-6.8,0
29,GGACGTCC,-60,0,-164.5,0,-9,0
30,GGAGCTCC,-56.8,0,-155,0,-8.7,0
31,GGTATACC,-54.5,0,-158,0,-5.5,0
32,GTACGTAC,-53.8,0,-150.9,0,-7.1,0
33,GTAGCTAC,-53.3,0,-149.2,0,-7,0
34,GTTGCAAC,-53.8,0,-149.3,0,-7.5,0
35,CAAAAAAAG,-68,0,-196,0,-7.2,0
36,CAAACAAAG,-64.5,0,-183,0,-7.7,0
37,CAAATAAAG,-58.6,0,-168,0,-6.5,0
38,CAAAGAAAG,-62.8,0,-179,0,-7.3,0
39,GCGAATTCGC,-80,0,-216.3,0,-12.9,0
40,CCATCGCTACC,-84.8,0,-230.7,0,-13.3,0
41,GCGAAAAGCG,-74.2,0,-201,0,-11.9,0
42,CCATTGCTACC,-82.5,0,-226.8,0,-12.2,0
43,CTGACAAGTGTC,-81.5,0,-222.1,0,-12.6,0
44,CATATGGCCATATG,-84.5,0,-231.5,0,-12.7,0
45,TCATGA,-50.4,0,-152,0,-3.3,0
46,TGATCA,-52.6,0,-160.6,0,-2.8,0
47,AAAAAAAA,-59.8,0,-178.2,0,-4.5,0
48,TAGATCTA,-49.2,0,-142.2,0,-5.1,0
49,TCTATAGA,-45.7,0,-133.4,0,-4.3,0
50,ATGAGCTCAT,-68,0,-187,0,-10,0
51,TTTTATAATAAA,-75.6,0,-226,0,-5.5,0
52,CAACTTGATATTATTA,-102,0,-289,0,-12.4,0
53,CCCGGG,-62,0,-177.8,0,-6.9,0
54,CCCAGGG,-63,0,-177.8,0,-7.9,0
55,CGCGAATTCGCG,-135,0,-369,0,-20.6,0
56,CGCATGGGTACGC,-101,0,-279.1,0,-14.4,0
57,GTATACCGGTATAC,-88,0,-244.1,0,-12.3,0
58,CATATTGGCCAATATG,-88.8,0,-243.6,0,-13.2,0
59,GTATAACCGGTTATAC,-99.7,0,-275.4,0,-14.3,0
60,CGCGTACGCGTACGCG,-158,0,-415.6,0,-29.1,0
