Parameter,dH,dS,dG,,dH (change),dS (change),dG (change)
AA/TT,0,0,0,,TRUE,TRUE,TRUE
AT/TA,0,0,0,,TRUE,TRUE,TRUE
TA/AT,0,0,0,,TRUE,TRUE,TRUE
CA/GT,0,0,0,,TRUE,TRUE,TRUE
GT/CA,0,0,0,,TRUE,TRUE,TRUE
CT/GA,0,0,0,,TRUE,TRUE,TRUE
GA/CT,0,0,0,,TRUE,TRUE,TRUE
CG/GC,0,0,0,,TRUE,TRUE,TRUE
GC/CG,0,0,0,,TRUE,TRUE,TRUE
GG/CC,0,0,0,,TRUE,TRUE,TRUE
init_GC,0,-5.7,1.82,,FALSE,FALSE,TRUE
init_AT,0,-9,2.8,,FALSE,FALSE,FALSE
symmetry,0,-1.4,0.4,,FALSE,FALSE,FALSE
5term_TA,0.4,0,0.4,,FALSE,FALSE,FALSE
